{"branches": 92.40121580547113, "coverage": 97.94430290784503}