{"branches": 92.09726443768997, "coverage": 98.05842224943152}