{"branches": 93.00911854103343, "coverage": 98.0671680951548}