{"branches": 92.40121580547113, "coverage": 98.00594717509183}