{"branches": 92.09726443768997, "coverage": 98.04972327154529}