{"branches": 92.09726443768997, "coverage": 97.9272345635823}